Workbook

Sheet Dashboard
A1: GOD PLAN SEO — Dashboard
A2: Costa Brava Rent a Boat — Actualizado 2026-04-20
A4: Metrica | B4: Baseline | C4: Meta 90d | D4: Meta 180d | E4: Actual | F4: Gap
A5: Keywords en top 3 | B5: 0 | C5: 30 | D5: 80 | E5: 0 | F5: =D5-E5 -> 80
A6: Keywords en top 10 | B6: 0 | C6: 80 | D6: 180 | E6: 0 | F6: =D6-E6 -> 180
A7: Clicks organicos / mes | B7: 0 | C7: 0 | D7: 0 | E7: 0 | F7: =D7-E7 -> 0
A8: Impresiones / mes | B8: 0 | C8: 0 | D8: 0 | E8: 0 | F8: =D8-E8 -> 0
A9: Backlinks DR>30 | B9: 0 | C9: 15 | D9: 40 | E9: 0 | F9: =D9-E9 -> 40
A10: Citaciones IA / mes | B10: 0 | C10: 20 | D10: 60 | E10: 0 | F10: =D10-E10 -> 60
A11: Revenue organico EUR | B11: 0 | C11: 20000 | D11: 45000 | E11: 0 | F11: =D11-E11 -> 45000
A14: Resumen cartera keywords
A15: Total keywords | B15: =COUNTA(Keywords!A2:A5000) -> 65
A16: Hero keywords (Tier 1) | B16: =COUNTIF(Keywords!E2:E5000,"Tier 1") -> 12
A17: Keywords Cluster A (Local-Blanes) | B17: =COUNTIF(Keywords!C2:C5000,"A-Local-Blanes") -> 17
A18: Keywords Cluster B (Costa-Brava) | B18: =COUNTIF(Keywords!C2:C5000,"B-Costa-Brava") -> 14
A19: Keywords Cluster C (Sin-licencia) | B19: =COUNTIF(Keywords!C2:C5000,"C-Sin-licencia") -> 13
A20: Keywords Cluster D (Excursiones) | B20: =COUNTIF(Keywords!C2:C5000,"D-Excursiones") -> 15
A21: Keywords Cluster E (Barcelona) | B21: =COUNTIF(Keywords!C2:C5000,"E-Barcelona") -> 6

Sheet Keywords
A1: # | B1: Keyword | C1: Cluster | D1: Idioma | E1: Tier | F1: URL objetivo | G1: Intent | H1: Vol est. | I1: KD est. | J1: Pos actual | K1: Pos meta | L1: Estado
A2: 1 | B2: alquiler barcos Blanes | C2: A-Local-Blanes | D2: es | E2: Tier 1 | F2: /alquiler-barcos-blanes | G2: Transaccional | H2: 1900 | I2: 34 | K2: 1 | L2: Pendiente
A3: 2 | B3: alquiler barco sin licencia Blanes | C3: C-Sin-licencia | D3: es | E3: Tier 1 | F3: /alquiler-barcos-sin-licencia-blanes | G3: Transaccional | H3: 720 | I3: 28 | K3: 1 | L3: Pendiente
A4: 3 | B4: alquiler barco sin licencia Costa Brava | C4: C-Sin-licencia | D4: es | E4: Tier 1 | F4: /alquiler-barcos-sin-licencia-costa-brava | G4: Transaccional | H4: 880 | I4: 33 | K4: 1 | L4: Pendiente
A5: 4 | B5: boat rental Blanes | C5: A-Local-Blanes | D5: en | E5: Tier 1 | F5: /en/boat-rental-blanes | G5: Transaccional | H5: 880 | I5: 32 | K5: 1 | L5: Pendiente
A6: 5 | B6: boat rental Costa Brava | C6: B-Costa-Brava | D6: en | E6: Tier 1 | F6: /en/boat-rental-costa-brava | G6: Transaccional | H6: 2400 | I6: 48 | K6: 3 | L6: Pendiente
A7: 6 | B7: boat rental without license Spain | C7: C-Sin-licencia | D7: en | E7: Tier 1 | F7: /en/boat-rental-no-license-spain | G7: Transaccional | H7: 480 | I7: 30 | K7: 1 | L7: Pendiente
A8: 7 | B8: lloguer vaixells Blanes | C8: A-Local-Blanes | D8: ca | E8: Tier 1 | F8: /ca/lloguer-vaixells-blanes | G8: Transaccional | H8: 140 | I8: 18 | K8: 1 | L8: Pendiente
A9: 8 | B9: location bateau Blanes | C9: A-Local-Blanes | D9: fr | E9: Tier 1 | F9: /fr/location-bateau-blanes | G9: Transaccional | H9: 260 | I9: 24 | K9: 1 | L9: Pendiente
A10: 9 | B10: Bootverleih Blanes | C10: A-Local-Blanes | D10: de | E10: Tier 1 | F10: /de/bootverleih-blanes | G10: Transaccional | H10: 210 | I10: 22 | K10: 1 | L10: Pendiente
A11: 10 | B11: Barcelona boat rental day trip | C11: E-Barcelona | D11: en | E11: Tier 1 | F11: /en/boat-rental-day-trip-barcelona | G11: Transaccional | H11: 1600 | I11: 46 | K11: 3 | L11: Pendiente
A12: 11 | B12: alquiler barco Barcelona un dia | C12: E-Barcelona | D12: es | E12: Tier 1 | F12: /es/alquiler-barco-un-dia-barcelona | G12: Transaccional | H12: 1100 | I12: 40 | K12: 3 | L12: Pendiente
A13: 12 | B13: excursion privada barco Costa Brava | C13: D-Excursiones | D13: es | E13: Tier 1 | F13: /es/excursion-privada-barco | G13: Transaccional | H13: 590 | I13: 26 | K13: 1 | L13: Pendiente
... A66: 65 | B66: аренда яхты Коста Брава | C66: B-Costa-Brava | D66: ru | E66: Tier 3 | F66: /ru/arenda-lodok-kosta-brava | G66: Transaccional | H66: 90 | I66: 20 | K66: 5 | L66: Pendiente

Sheet Clusters
A1: Resumen por Cluster
A3: Cluster | B3: Descripcion | C3: # Keywords | D3: # Tier 1 | E3: Vol estimado | F3: KD promedio
A4: A-Local-Blanes | B4: Keywords geo-especificas de Blanes. Maxima intencion, baja competencia. | C4: =COUNTIF(Keywords!C:C,"A-Local-Blanes") -> 17 | D4: =COUNTIFS(Keywords!C:C,"A-Local-Blanes",Keywords!E:E,"Tier 1") -> 5 | E4: =SUMIF(Keywords!C:C,"A-Local-Blanes",Keywords!H:H) -> 5530 | F4: =IFERROR(AVERAGEIF(Keywords!C:C,"A-Local-Blanes",Keywords!I:I),0) -> 21.176471
A5: B-Costa-Brava | B5: Keywords regionales Costa Brava. Alto volumen, competencia media-alta. | C5: =COUNTIF(Keywords!C:C,"B-Costa-Brava") -> 14 | D5: =COUNTIFS(Keywords!C:C,"B-Costa-Brava",Keywords!E:E,"Tier 1") -> 1 | E5: =SUMIF(Keywords!C:C,"B-Costa-Brava",Keywords!H:H) -> 8500 | F5: =IFERROR(AVERAGEIF(Keywords!C:C,"B-Costa-Brava",Keywords!I:I),0) -> 28.5
A6: C-Sin-licencia | B6: Keywords por categoria sin-licencia. Alta intencion transaccional. | C6: =COUNTIF(Keywords!C:C,"C-Sin-licencia") -> 13 | D6: =COUNTIFS(Keywords!C:C,"C-Sin-licencia",Keywords!E:E,"Tier 1") -> 3 | E6: =SUMIF(Keywords!C:C,"C-Sin-licencia",Keywords!H:H) -> 10350 | F6: =IFERROR(AVERAGEIF(Keywords!C:C,"C-Sin-licencia",Keywords!I:I),0) -> 28.538462
A7: D-Excursiones | B7: Keywords de rutas, calas, actividades. Informativo-transaccional. | C7: =COUNTIF(Keywords!C:C,"D-Excursiones") -> 15 | D7: =COUNTIFS(Keywords!C:C,"D-Excursiones",Keywords!E:E,"Tier 1") -> 1 | E7: =SUMIF(Keywords!C:C,"D-Excursiones",Keywords!H:H) -> 5300 | F7: =IFERROR(AVERAGEIF(Keywords!C:C,"D-Excursiones",Keywords!I:I),0) -> 20.333333
A8: E-Barcelona | B8: Keywords 'desde Barcelona'. Alto volumen, competencia alta. | C8: =COUNTIF(Keywords!C:C,"E-Barcelona") -> 6 | D8: =COUNTIFS(Keywords!C:C,"E-Barcelona",Keywords!E:E,"Tier 1") -> 2 | E8: =SUMIF(Keywords!C:C,"E-Barcelona",Keywords!H:H) -> 6190 | F8: =IFERROR(AVERAGEIF(Keywords!C:C,"E-Barcelona",Keywords!I:I),0) -> 41.333333
A9: TOTAL | C9: =SUM(C4:C8) -> 65 | D9: =SUM(D4:D8) -> 12 | E9: =SUM(E4:E8) -> 35870

Sheet Idiomas
A1: Cobertura por Idioma
A3: Idioma | B3: Prioridad | C3: # Keywords | D3: # Tier 1 | E3: Estado
A4: es | B4: Tier 1 | C4: =COUNTIF(Keywords!D:D,"es") -> 29 | D4: =COUNTIFS(Keywords!D:D,"es",Keywords!E:E,"Tier 1") -> 5 | E4: Activo
A5: en | B5: Tier 1 | C5: =COUNTIF(Keywords!D:D,"en") -> 18 | D5: =COUNTIFS(Keywords!D:D,"en",Keywords!E:E,"Tier 1") -> 4 | E5: Activo
A6: fr | B6: Tier 2 | C6: =COUNTIF(Keywords!D:D,"fr") -> 4 | D6: =COUNTIFS(Keywords!D:D,"fr",Keywords!E:E,"Tier 1") -> 1 | E6: Planificado
A7: de | B7: Tier 2 | C7: =COUNTIF(Keywords!D:D,"de") -> 5 | D7: =COUNTIFS(Keywords!D:D,"de",Keywords!E:E,"Tier 1") -> 1 | E7: Planificado
A8: ca | B8: Tier 2 | C8: =COUNTIF(Keywords!D:D,"ca") -> 3 | D8: =COUNTIFS(Keywords!D:D,"ca",Keywords!E:E,"Tier 1") -> 1 | E8: Planificado
A9: it | B9: Tier 3 | C9: =COUNTIF(Keywords!D:D,"it") -> 2 | D9: =COUNTIFS(Keywords!D:D,"it",Keywords!E:E,"Tier 1") -> 0 | E9: Planificado
A10: nl | B10: Tier 3 | C10: =COUNTIF(Keywords!D:D,"nl") -> 2 | D10: =COUNTIFS(Keywords!D:D,"nl",Keywords!E:E,"Tier 1") -> 0 | E10: Planificado
A11: ru | B11: Tier 3 | C11: =COUNTIF(Keywords!D:D,"ru") -> 2 | D11: =COUNTIFS(Keywords!D:D,"ru",Keywords!E:E,"Tier 1") -> 0 | E11: Planificado

Sheet Tareas_Programadas
A1: Catalogo de Tareas Programadas (14 crons)
A3: # | B3: taskId | C3: Cron (local) | D3: Frecuencia | E3: Proposito | F3: Estado
A4: 1 | B4: seo-monday-briefing | C4: 0 8 * * 1 | D4: Lunes 8:00 | E4: Briefing ejecutivo semanal: estado, victorias, drops, acciones | F4: Por crear
A5: 2 | B5: keyword-research | C5: 0 9 * * 3 | D5: Miercoles 9:00 | E5: Investigacion semanal de oportunidades (YA EXISTE) | F5: Activa
A6: 3 | B6: weekly-seo-rank-check | C6: 0 9 * * 1 | D6: Lunes 9:00 | E6: Tracking semanal de posiciones (YA EXISTE) | F6: Activa
A7: 4 | B7: autopilot-blog-weekly | C7: 0 10 * * 2,4 | D7: Martes y Jueves 10:00 | E7: Trigger 2x/semana del Blog Autopilot | F7: Por crear
A8: 5 | B8: content-distribution-weekly | C8: 0 11 * * 3 | D8: Miercoles 11:00 | E8: Distribuir posts nuevos a 11 plataformas | F8: Por crear
A9: 6 | B9: gbp-weekly-post | C9: 0 10 * * 1 | D9: Lunes 10:00 | E9: Publicar en Google Business Profile | F9: Por crear
A10: 7 | B10: outreach-wave | C10: 0 10 * * 1,4 | D10: Lunes y Jueves 10:00 | E10: Enviar 25 emails outreach por ola | F10: Por crear
A11: 8 | B11: geo-citations-check | C11: 0 15 * * 2 | D11: Martes 15:00 | E11: Verificar y optimizar citas en IA (Perplexity/ChatGPT/Google AI) | F11: Por crear
A12: 9 | B12: cannibalization-sweep | C12: 0 3 * * 6 | D12: Sabado 3:00 | E12: Detectar y proponer fixes de canibalizacion | F12: Por crear
A13: 10 | B13: cwv-healthcheck | C13: 0 5 * * * | D13: Diario 5:00 | E13: Core Web Vitals + rollback si degradacion | F13: Por crear
A14: 11 | B14: competitor-watch | C14: 0 7 * * 2,5 | D14: Martes y Viernes 7:00 | E14: Escanear 5 competidores (contenido, cambios, backlinks) | F14: Por crear
A15: 12 | B15: reviews-request-wave | C15: 0 18 * * 5 | D15: Viernes 18:00 | E15: Trigger de solicitud de reviews a reservas finalizadas | F15: Por crear
... A17: 14 | B17: seo-monthly-report | C17: 0 9 1 * * | D17: Mensual (dia 1) | E17: Reporte ejecutivo mensual (docx + email) | F17: Por crear

Sheet Roadmap
A1: Roadmap 180 dias — 5 Fases
A3: Fase | B3: Dias | C3: Nombre | D3: Entregables principales | E3: Owner
A4: Fase 0 | B4: 1-7 | C4: BOOTSTRAP | D4: MCP publico, dashboard CRM, 14 crons programados, baseline | E4: Claude Code (web) + Cowork
A5: Fase 1 | B5: 8-30 | C5: QUICK WINS | D5: Canibalizacion, refresh top 15, internal linking, orphans, 20 landings programaticas | E5: Autopilot
A6: Fase 2 | B6: 31-90 | C6: CONTENIDO+DISTRIBUCION | D6: 3 posts/semana + traduccion EN, 11 plataformas de distribucion, outreach 50/sem, tier 2 idiomas | E6: Autopilot
A7: Fase 3 | B7: 91-150 | C7: AUTORIDAD+LINKS+GEO | D7: Link building, colaboraciones, datos propios, GEO, knowledge graph, tier 3 idiomas, CRO | E7: Autopilot + usuario
A8: Fase 4 | B8: 151-180 | C8: DOMINIO+DEFENSA | D8: Defensa rankings, refresh evergreen, cola larga, informe temporada, plan 2027 | E8: Autopilot
